"","sim_type","mean_comm","case","day"
"1","Control",1,1,1
"2","Lockdown-No Surge",1,1,1
"3","Lockdown-Travel Surge2",1,1,1
"4","Lockdown-Travel Surge3",1,1,1
"5","Control",1.02,1,2
"6","Lockdown-No Surge",1.02,1,2
"7","Lockdown-Travel Surge2",1.02,1,2
"8","Lockdown-Travel Surge3",1,1,2
"9","Control",1.04,1,3
"10","Lockdown-No Surge",1.1,1,3
"11","Lockdown-Travel Surge2",1.04,1,3
"12","Lockdown-Travel Surge3",1.06,1,3
"13","Control",1.1,1,4
"14","Lockdown-No Surge",1.2,1,4
"15","Lockdown-Travel Surge2",1.04,1,4
"16","Lockdown-Travel Surge3",1.08,1,4
"17","Control",1.26,1,5
"18","Lockdown-No Surge",1.34,1,5
"19","Lockdown-Travel Surge2",1.12,1,5
"20","Lockdown-Travel Surge3",1.22,1,5
"21","Control",1.48,1,6
"22","Lockdown-No Surge",1.56,1,6
"23","Lockdown-Travel Surge2",1.34,1,6
"24","Lockdown-Travel Surge3",1.44,1,6
"25","Control",1.8,1,7
"26","Lockdown-No Surge",1.96,1,7
"27","Lockdown-Travel Surge2",1.62,1,7
"28","Lockdown-Travel Surge3",1.82,1,7
"29","Control",2.46,1,8
"30","Lockdown-No Surge",2.58,1,8
"31","Lockdown-Travel Surge2",2.06,1,8
"32","Lockdown-Travel Surge3",2.4,1,8
"33","Control",3.36,1,9
"34","Lockdown-No Surge",3.46,1,9
"35","Lockdown-Travel Surge2",3.04,1,9
"36","Lockdown-Travel Surge3",3.34,1,9
"37","Control",4.16,1,10
"38","Lockdown-No Surge",4.56,1,10
"39","Lockdown-Travel Surge2",4.76,1,10
"40","Lockdown-Travel Surge3",5.3,1,10
"41","Control",5.72,1,11
"42","Lockdown-No Surge",6.34,1,11
"43","Lockdown-Travel Surge2",7.48,1,11
"44","Lockdown-Travel Surge3",8.74,1,11
"45","Control",7.84,1,12
"46","Lockdown-No Surge",8.54,1,12
"47","Lockdown-Travel Surge2",10.92,1,12
"48","Lockdown-Travel Surge3",12.98,1,12
"49","Control",10.48,1,13
"50","Lockdown-No Surge",11.2,1,13
"51","Lockdown-Travel Surge2",14.44,1,13
"52","Lockdown-Travel Surge3",17.66,1,13
"53","Control",13.6,1,14
"54","Lockdown-No Surge",13.8,1,14
"55","Lockdown-Travel Surge2",18.4,1,14
"56","Lockdown-Travel Surge3",22.26,1,14
"57","Control",17.58,1,15
"58","Lockdown-No Surge",16.64,1,15
"59","Lockdown-Travel Surge2",21.5,1,15
"60","Lockdown-Travel Surge3",26.14,1,15
"61","Control",22.08,1,16
"62","Lockdown-No Surge",19.38,1,16
"63","Lockdown-Travel Surge2",24.74,1,16
"64","Lockdown-Travel Surge3",29.12,1,16
"65","Control",26.6,1,17
"66","Lockdown-No Surge",22.24,1,17
"67","Lockdown-Travel Surge2",27.08,1,17
"68","Lockdown-Travel Surge3",31.9,1,17
"69","Control",31.42,1,18
"70","Lockdown-No Surge",24.96,1,18
"71","Lockdown-Travel Surge2",29.56,1,18
"72","Lockdown-Travel Surge3",34.56,1,18
"73","Control",36.28,1,19
"74","Lockdown-No Surge",27.12,1,19
"75","Lockdown-Travel Surge2",32.02,1,19
"76","Lockdown-Travel Surge3",37.34,1,19
"77","Control",41.22,1,20
"78","Lockdown-No Surge",29.94,1,20
"79","Lockdown-Travel Surge2",34.3,1,20
"80","Lockdown-Travel Surge3",39.84,1,20
"81","Control",45.5,1,21
"82","Lockdown-No Surge",32.38,1,21
"83","Lockdown-Travel Surge2",36.68,1,21
"84","Lockdown-Travel Surge3",42.36,1,21
"85","Control",49.66,1,22
"86","Lockdown-No Surge",34.68,1,22
"87","Lockdown-Travel Surge2",39.12,1,22
"88","Lockdown-Travel Surge3",44.34,1,22
"89","Control",53,1,23
"90","Lockdown-No Surge",37.14,1,23
"91","Lockdown-Travel Surge2",41.44,1,23
"92","Lockdown-Travel Surge3",46.66,1,23
"93","Control",56.46,1,24
"94","Lockdown-No Surge",39.48,1,24
"95","Lockdown-Travel Surge2",43.74,1,24
"96","Lockdown-Travel Surge3",48.54,1,24
"97","Control",59.52,1,25
"98","Lockdown-No Surge",41.74,1,25
"99","Lockdown-Travel Surge2",46.02,1,25
"100","Lockdown-Travel Surge3",50.3,1,25
"101","Control",62.08,1,26
"102","Lockdown-No Surge",44.02,1,26
"103","Lockdown-Travel Surge2",47.48,1,26
"104","Lockdown-Travel Surge3",51.78,1,26
"105","Control",64.22,1,27
"106","Lockdown-No Surge",45.68,1,27
"107","Lockdown-Travel Surge2",48.94,1,27
"108","Lockdown-Travel Surge3",53.42,1,27
"109","Control",66.58,1,28
"110","Lockdown-No Surge",47.54,1,28
"111","Lockdown-Travel Surge2",50.86,1,28
"112","Lockdown-Travel Surge3",54.84,1,28
"113","Control",68.62,1,29
"114","Lockdown-No Surge",49.26,1,29
"115","Lockdown-Travel Surge2",52.4,1,29
"116","Lockdown-Travel Surge3",55.7,1,29
"117","Control",69.98,1,30
"118","Lockdown-No Surge",50.84,1,30
"119","Lockdown-Travel Surge2",53.88,1,30
"120","Lockdown-Travel Surge3",57.3,1,30
"121","Control",71.44,1,31
"122","Lockdown-No Surge",52.22,1,31
"123","Lockdown-Travel Surge2",55.18,1,31
"124","Lockdown-Travel Surge3",58.46,1,31
"125","Control",72.82,1,32
"126","Lockdown-No Surge",53.54,1,32
"127","Lockdown-Travel Surge2",56.46,1,32
"128","Lockdown-Travel Surge3",59.74,1,32
"129","Control",74.24,1,33
"130","Lockdown-No Surge",55.08,1,33
"131","Lockdown-Travel Surge2",57.34,1,33
"132","Lockdown-Travel Surge3",60.9,1,33
"133","Control",75.36,1,34
"134","Lockdown-No Surge",56.5,1,34
"135","Lockdown-Travel Surge2",58.76,1,34
"136","Lockdown-Travel Surge3",61.74,1,34
"137","Control",76.4,1,35
"138","Lockdown-No Surge",57.46,1,35
"139","Lockdown-Travel Surge2",59.7,1,35
"140","Lockdown-Travel Surge3",62.6,1,35
"141","Control",77.34,1,36
"142","Lockdown-No Surge",58.64,1,36
"143","Lockdown-Travel Surge2",60.56,1,36
"144","Lockdown-Travel Surge3",63.74,1,36
"145","Control",78.36,1,37
"146","Lockdown-No Surge",59.44,1,37
"147","Lockdown-Travel Surge2",61.48,1,37
"148","Lockdown-Travel Surge3",64.66,1,37
"149","Control",79.3,1,38
"150","Lockdown-No Surge",60.36,1,38
"151","Lockdown-Travel Surge2",62.52,1,38
"152","Lockdown-Travel Surge3",65.5,1,38
"153","Control",80.04,1,39
"154","Lockdown-No Surge",61.08,1,39
"155","Lockdown-Travel Surge2",63.44,1,39
"156","Lockdown-Travel Surge3",66.2,1,39
"157","Control",80.82,1,40
"158","Lockdown-No Surge",62.16,1,40
"159","Lockdown-Travel Surge2",63.98,1,40
"160","Lockdown-Travel Surge3",67.06,1,40
"161","Control",81.48,1,41
"162","Lockdown-No Surge",62.9,1,41
"163","Lockdown-Travel Surge2",64.8,1,41
"164","Lockdown-Travel Surge3",68.04,1,41
"165","Control",82.42,1,42
"166","Lockdown-No Surge",63.8,1,42
"167","Lockdown-Travel Surge2",65.5,1,42
"168","Lockdown-Travel Surge3",68.86,1,42
"169","Control",83.02,1,43
"170","Lockdown-No Surge",64.7,1,43
"171","Lockdown-Travel Surge2",66.24,1,43
"172","Lockdown-Travel Surge3",69.58,1,43
"173","Control",83.58,1,44
"174","Lockdown-No Surge",65.52,1,44
"175","Lockdown-Travel Surge2",67.2,1,44
"176","Lockdown-Travel Surge3",70.52,1,44
"177","Control",84.24,1,45
"178","Lockdown-No Surge",66.48,1,45
"179","Lockdown-Travel Surge2",68.1,1,45
"180","Lockdown-Travel Surge3",71.18,1,45
"181","Control",84.76,1,46
"182","Lockdown-No Surge",67.32,1,46
"183","Lockdown-Travel Surge2",68.9,1,46
"184","Lockdown-Travel Surge3",71.92,1,46
"185","Control",85.38,1,47
"186","Lockdown-No Surge",68.18,1,47
"187","Lockdown-Travel Surge2",69.62,1,47
"188","Lockdown-Travel Surge3",72.8,1,47
"189","Control",86.1,1,48
"190","Lockdown-No Surge",68.9,1,48
"191","Lockdown-Travel Surge2",70.22,1,48
"192","Lockdown-Travel Surge3",73.54,1,48
"193","Control",86.64,1,49
"194","Lockdown-No Surge",70.04,1,49
"195","Lockdown-Travel Surge2",70.98,1,49
"196","Lockdown-Travel Surge3",74.08,1,49
"197","Control",87.06,1,50
"198","Lockdown-No Surge",70.88,1,50
"199","Lockdown-Travel Surge2",71.78,1,50
"200","Lockdown-Travel Surge3",74.72,1,50
"201","Control",87.52,1,51
"202","Lockdown-No Surge",71.52,1,51
"203","Lockdown-Travel Surge2",72.52,1,51
"204","Lockdown-Travel Surge3",75.46,1,51
"205","Control",88.06,1,52
"206","Lockdown-No Surge",72.24,1,52
"207","Lockdown-Travel Surge2",73.3,1,52
"208","Lockdown-Travel Surge3",76.2,1,52
"209","Control",88.6,1,53
"210","Lockdown-No Surge",73.1,1,53
"211","Lockdown-Travel Surge2",74.04,1,53
"212","Lockdown-Travel Surge3",77.02,1,53
"213","Control",89.02,1,54
"214","Lockdown-No Surge",73.88,1,54
"215","Lockdown-Travel Surge2",74.92,1,54
"216","Lockdown-Travel Surge3",77.88,1,54
"217","Control",89.6,1,55
"218","Lockdown-No Surge",74.8,1,55
"219","Lockdown-Travel Surge2",75.78,1,55
"220","Lockdown-Travel Surge3",78.58,1,55
"221","Control",90.06,1,56
"222","Lockdown-No Surge",75.62,1,56
"223","Lockdown-Travel Surge2",76.58,1,56
"224","Lockdown-Travel Surge3",79.36,1,56
"225","Control",90.54,1,57
"226","Lockdown-No Surge",76.6,1,57
"227","Lockdown-Travel Surge2",77.26,1,57
"228","Lockdown-Travel Surge3",80.22,1,57
"229","Control",91.06,1,58
"230","Lockdown-No Surge",77.36,1,58
"231","Lockdown-Travel Surge2",78.08,1,58
"232","Lockdown-Travel Surge3",81.06,1,58
"233","Control",91.32,1,59
"234","Lockdown-No Surge",78.08,1,59
"235","Lockdown-Travel Surge2",79,1,59
"236","Lockdown-Travel Surge3",81.78,1,59
"237","Control",91.82,1,60
"238","Lockdown-No Surge",78.94,1,60
"239","Lockdown-Travel Surge2",79.96,1,60
"240","Lockdown-Travel Surge3",82.64,1,60
"241","Control",1,2,1
"242","Lockdown-No Surge",1,2,1
"243","Lockdown-Travel Surge2",1,2,1
"244","Lockdown-Travel Surge3",1,2,1
"245","Control",1,2,2
"246","Lockdown-No Surge",1,2,2
"247","Lockdown-Travel Surge2",1,2,2
"248","Lockdown-Travel Surge3",1,2,2
"249","Control",1,2,3
"250","Lockdown-No Surge",1,2,3
"251","Lockdown-Travel Surge2",1,2,3
"252","Lockdown-Travel Surge3",1,2,3
"253","Control",1.02,2,4
"254","Lockdown-No Surge",1,2,4
"255","Lockdown-Travel Surge2",1,2,4
"256","Lockdown-Travel Surge3",1.02,2,4
"257","Control",1.04,2,5
"258","Lockdown-No Surge",1.02,2,5
"259","Lockdown-Travel Surge2",1.02,2,5
"260","Lockdown-Travel Surge3",1.02,2,5
"261","Control",1.06,2,6
"262","Lockdown-No Surge",1.02,2,6
"263","Lockdown-Travel Surge2",1.02,2,6
"264","Lockdown-Travel Surge3",1.04,2,6
"265","Control",1.24,2,7
"266","Lockdown-No Surge",1.04,2,7
"267","Lockdown-Travel Surge2",1.04,2,7
"268","Lockdown-Travel Surge3",1.14,2,7
"269","Control",1.32,2,8
"270","Lockdown-No Surge",1.18,2,8
"271","Lockdown-Travel Surge2",1.14,2,8
"272","Lockdown-Travel Surge3",1.16,2,8
"273","Control",1.44,2,9
"274","Lockdown-No Surge",1.5,2,9
"275","Lockdown-Travel Surge2",1.28,2,9
"276","Lockdown-Travel Surge3",1.42,2,9
"277","Control",1.8,2,10
"278","Lockdown-No Surge",1.84,2,10
"279","Lockdown-Travel Surge2",1.68,2,10
"280","Lockdown-Travel Surge3",1.98,2,10
"281","Control",2.22,2,11
"282","Lockdown-No Surge",2.34,2,11
"283","Lockdown-Travel Surge2",2.36,2,11
"284","Lockdown-Travel Surge3",2.76,2,11
"285","Control",2.94,2,12
"286","Lockdown-No Surge",3.2,2,12
"287","Lockdown-Travel Surge2",3.44,2,12
"288","Lockdown-Travel Surge3",4.64,2,12
"289","Control",4.08,2,13
"290","Lockdown-No Surge",4.48,2,13
"291","Lockdown-Travel Surge2",5.22,2,13
"292","Lockdown-Travel Surge3",6.94,2,13
"293","Control",5.54,2,14
"294","Lockdown-No Surge",6.04,2,14
"295","Lockdown-Travel Surge2",7.3,2,14
"296","Lockdown-Travel Surge3",9.58,2,14
"297","Control",7.48,2,15
"298","Lockdown-No Surge",7.66,2,15
"299","Lockdown-Travel Surge2",9.64,2,15
"300","Lockdown-Travel Surge3",12.66,2,15
"301","Control",10.4,2,16
"302","Lockdown-No Surge",9.76,2,16
"303","Lockdown-Travel Surge2",12.02,2,16
"304","Lockdown-Travel Surge3",15.4,2,16
"305","Control",13.6,2,17
"306","Lockdown-No Surge",11.6,2,17
"307","Lockdown-Travel Surge2",14.2,2,17
"308","Lockdown-Travel Surge3",17.78,2,17
"309","Control",16.9,2,18
"310","Lockdown-No Surge",13.5,2,18
"311","Lockdown-Travel Surge2",16.92,2,18
"312","Lockdown-Travel Surge3",20.7,2,18
"313","Control",20.64,2,19
"314","Lockdown-No Surge",15.5,2,19
"315","Lockdown-Travel Surge2",19.18,2,19
"316","Lockdown-Travel Surge3",23.2,2,19
"317","Control",24.2,2,20
"318","Lockdown-No Surge",17.54,2,20
"319","Lockdown-Travel Surge2",21.52,2,20
"320","Lockdown-Travel Surge3",25.5,2,20
"321","Control",28,2,21
"322","Lockdown-No Surge",19.76,2,21
"323","Lockdown-Travel Surge2",23.66,2,21
"324","Lockdown-Travel Surge3",27.82,2,21
"325","Control",31.96,2,22
"326","Lockdown-No Surge",22.02,2,22
"327","Lockdown-Travel Surge2",25.84,2,22
"328","Lockdown-Travel Surge3",29.76,2,22
"329","Control",35.84,2,23
"330","Lockdown-No Surge",23.98,2,23
"331","Lockdown-Travel Surge2",28.04,2,23
"332","Lockdown-Travel Surge3",32.4,2,23
"333","Control",39.2,2,24
"334","Lockdown-No Surge",26.1,2,24
"335","Lockdown-Travel Surge2",30.08,2,24
"336","Lockdown-Travel Surge3",34.64,2,24
"337","Control",42.82,2,25
"338","Lockdown-No Surge",28.62,2,25
"339","Lockdown-Travel Surge2",32.56,2,25
"340","Lockdown-Travel Surge3",37.1,2,25
"341","Control",46.42,2,26
"342","Lockdown-No Surge",30.84,2,26
"343","Lockdown-Travel Surge2",34.58,2,26
"344","Lockdown-Travel Surge3",39.3,2,26
"345","Control",49.32,2,27
"346","Lockdown-No Surge",32.8,2,27
"347","Lockdown-Travel Surge2",36.48,2,27
"348","Lockdown-Travel Surge3",41.06,2,27
"349","Control",52.26,2,28
"350","Lockdown-No Surge",34.9,2,28
"351","Lockdown-Travel Surge2",38.22,2,28
"352","Lockdown-Travel Surge3",42.62,2,28
"353","Control",54.96,2,29
"354","Lockdown-No Surge",36.76,2,29
"355","Lockdown-Travel Surge2",40.28,2,29
"356","Lockdown-Travel Surge3",44.4,2,29
"357","Control",57.5,2,30
"358","Lockdown-No Surge",38.72,2,30
"359","Lockdown-Travel Surge2",41.76,2,30
"360","Lockdown-Travel Surge3",45.94,2,30
"361","Control",59.82,2,31
"362","Lockdown-No Surge",40.3,2,31
"363","Lockdown-Travel Surge2",43.72,2,31
"364","Lockdown-Travel Surge3",47.86,2,31
"365","Control",61.7,2,32
"366","Lockdown-No Surge",42.08,2,32
"367","Lockdown-Travel Surge2",45.24,2,32
"368","Lockdown-Travel Surge3",49.3,2,32
"369","Control",63.66,2,33
"370","Lockdown-No Surge",43.66,2,33
"371","Lockdown-Travel Surge2",46.78,2,33
"372","Lockdown-Travel Surge3",50.82,2,33
"373","Control",65.46,2,34
"374","Lockdown-No Surge",45.22,2,34
"375","Lockdown-Travel Surge2",48.18,2,34
"376","Lockdown-Travel Surge3",52.1,2,34
"377","Control",66.86,2,35
"378","Lockdown-No Surge",46.32,2,35
"379","Lockdown-Travel Surge2",49.34,2,35
"380","Lockdown-Travel Surge3",53.5,2,35
"381","Control",68.08,2,36
"382","Lockdown-No Surge",47.88,2,36
"383","Lockdown-Travel Surge2",50.58,2,36
"384","Lockdown-Travel Surge3",54.54,2,36
"385","Control",69.2,2,37
"386","Lockdown-No Surge",49.32,2,37
"387","Lockdown-Travel Surge2",51.72,2,37
"388","Lockdown-Travel Surge3",55.42,2,37
"389","Control",70.42,2,38
"390","Lockdown-No Surge",50.4,2,38
"391","Lockdown-Travel Surge2",52.76,2,38
"392","Lockdown-Travel Surge3",56.32,2,38
"393","Control",71.7,2,39
"394","Lockdown-No Surge",51.48,2,39
"395","Lockdown-Travel Surge2",54.06,2,39
"396","Lockdown-Travel Surge3",57.4,2,39
"397","Control",72.88,2,40
"398","Lockdown-No Surge",52.66,2,40
"399","Lockdown-Travel Surge2",55.08,2,40
"400","Lockdown-Travel Surge3",58.58,2,40
"401","Control",73.82,2,41
"402","Lockdown-No Surge",53.74,2,41
"403","Lockdown-Travel Surge2",56.08,2,41
"404","Lockdown-Travel Surge3",59.74,2,41
"405","Control",74.9,2,42
"406","Lockdown-No Surge",54.7,2,42
"407","Lockdown-Travel Surge2",56.8,2,42
"408","Lockdown-Travel Surge3",60.66,2,42
"409","Control",75.76,2,43
"410","Lockdown-No Surge",55.64,2,43
"411","Lockdown-Travel Surge2",57.58,2,43
"412","Lockdown-Travel Surge3",61.56,2,43
"413","Control",76.56,2,44
"414","Lockdown-No Surge",56.66,2,44
"415","Lockdown-Travel Surge2",58.44,2,44
"416","Lockdown-Travel Surge3",62.52,2,44
"417","Control",77.4,2,45
"418","Lockdown-No Surge",57.62,2,45
"419","Lockdown-Travel Surge2",59.42,2,45
"420","Lockdown-Travel Surge3",63.54,2,45
"421","Control",78.22,2,46
"422","Lockdown-No Surge",58.62,2,46
"423","Lockdown-Travel Surge2",60.46,2,46
"424","Lockdown-Travel Surge3",64.14,2,46
"425","Control",79.16,2,47
"426","Lockdown-No Surge",59.64,2,47
"427","Lockdown-Travel Surge2",61.48,2,47
"428","Lockdown-Travel Surge3",65.18,2,47
"429","Control",79.98,2,48
"430","Lockdown-No Surge",60.32,2,48
"431","Lockdown-Travel Surge2",62.08,2,48
"432","Lockdown-Travel Surge3",66.12,2,48
"433","Control",80.82,2,49
"434","Lockdown-No Surge",61.44,2,49
"435","Lockdown-Travel Surge2",62.74,2,49
"436","Lockdown-Travel Surge3",66.74,2,49
"437","Control",81.36,2,50
"438","Lockdown-No Surge",62.32,2,50
"439","Lockdown-Travel Surge2",63.68,2,50
"440","Lockdown-Travel Surge3",67.6,2,50
"441","Control",81.98,2,51
"442","Lockdown-No Surge",63.18,2,51
"443","Lockdown-Travel Surge2",64.32,2,51
"444","Lockdown-Travel Surge3",68.18,2,51
"445","Control",82.5,2,52
"446","Lockdown-No Surge",63.82,2,52
"447","Lockdown-Travel Surge2",64.98,2,52
"448","Lockdown-Travel Surge3",69,2,52
"449","Control",83.2,2,53
"450","Lockdown-No Surge",64.68,2,53
"451","Lockdown-Travel Surge2",65.72,2,53
"452","Lockdown-Travel Surge3",69.82,2,53
"453","Control",83.86,2,54
"454","Lockdown-No Surge",65.58,2,54
"455","Lockdown-Travel Surge2",66.52,2,54
"456","Lockdown-Travel Surge3",70.48,2,54
"457","Control",84.48,2,55
"458","Lockdown-No Surge",66.24,2,55
"459","Lockdown-Travel Surge2",67.32,2,55
"460","Lockdown-Travel Surge3",71.54,2,55
"461","Control",85.1,2,56
"462","Lockdown-No Surge",67,2,56
"463","Lockdown-Travel Surge2",68.16,2,56
"464","Lockdown-Travel Surge3",72.36,2,56
"465","Control",85.68,2,57
"466","Lockdown-No Surge",67.7,2,57
"467","Lockdown-Travel Surge2",69.12,2,57
"468","Lockdown-Travel Surge3",73.32,2,57
"469","Control",86.5,2,58
"470","Lockdown-No Surge",68.54,2,58
"471","Lockdown-Travel Surge2",69.92,2,58
"472","Lockdown-Travel Surge3",74.02,2,58
"473","Control",87.08,2,59
"474","Lockdown-No Surge",69.56,2,59
"475","Lockdown-Travel Surge2",70.88,2,59
"476","Lockdown-Travel Surge3",74.86,2,59
"477","Control",87.66,2,60
"478","Lockdown-No Surge",70.54,2,60
"479","Lockdown-Travel Surge2",71.94,2,60
"480","Lockdown-Travel Surge3",75.8,2,60
"481","Control",1,5,1
"482","Lockdown-No Surge",1,5,1
"483","Lockdown-Travel Surge2",1,5,1
"484","Lockdown-Travel Surge3",1,5,1
"485","Control",1,5,2
"486","Lockdown-No Surge",1,5,2
"487","Lockdown-Travel Surge2",1,5,2
"488","Lockdown-Travel Surge3",1,5,2
"489","Control",1,5,3
"490","Lockdown-No Surge",1,5,3
"491","Lockdown-Travel Surge2",1,5,3
"492","Lockdown-Travel Surge3",1,5,3
"493","Control",1,5,4
"494","Lockdown-No Surge",1,5,4
"495","Lockdown-Travel Surge2",1,5,4
"496","Lockdown-Travel Surge3",1,5,4
"497","Control",1,5,5
"498","Lockdown-No Surge",1,5,5
"499","Lockdown-Travel Surge2",1,5,5
"500","Lockdown-Travel Surge3",1,5,5
"501","Control",1,5,6
"502","Lockdown-No Surge",1,5,6
"503","Lockdown-Travel Surge2",1,5,6
"504","Lockdown-Travel Surge3",1,5,6
"505","Control",1.02,5,7
"506","Lockdown-No Surge",1,5,7
"507","Lockdown-Travel Surge2",1,5,7
"508","Lockdown-Travel Surge3",1,5,7
"509","Control",1.02,5,8
"510","Lockdown-No Surge",1,5,8
"511","Lockdown-Travel Surge2",1,5,8
"512","Lockdown-Travel Surge3",1.02,5,8
"513","Control",1.02,5,9
"514","Lockdown-No Surge",1,5,9
"515","Lockdown-Travel Surge2",1.04,5,9
"516","Lockdown-Travel Surge3",1.02,5,9
"517","Control",1.02,5,10
"518","Lockdown-No Surge",1,5,10
"519","Lockdown-Travel Surge2",1.06,5,10
"520","Lockdown-Travel Surge3",1.04,5,10
"521","Control",1.04,5,11
"522","Lockdown-No Surge",1,5,11
"523","Lockdown-Travel Surge2",1.08,5,11
"524","Lockdown-Travel Surge3",1.1,5,11
"525","Control",1.12,5,12
"526","Lockdown-No Surge",1.02,5,12
"527","Lockdown-Travel Surge2",1.14,5,12
"528","Lockdown-Travel Surge3",1.32,5,12
"529","Control",1.28,5,13
"530","Lockdown-No Surge",1.14,5,13
"531","Lockdown-Travel Surge2",1.4,5,13
"532","Lockdown-Travel Surge3",1.6,5,13
"533","Control",1.68,5,14
"534","Lockdown-No Surge",1.48,5,14
"535","Lockdown-Travel Surge2",1.78,5,14
"536","Lockdown-Travel Surge3",2.32,5,14
"537","Control",2.14,5,15
"538","Lockdown-No Surge",2.06,5,15
"539","Lockdown-Travel Surge2",2.44,5,15
"540","Lockdown-Travel Surge3",3.22,5,15
"541","Control",3.18,5,16
"542","Lockdown-No Surge",2.48,5,16
"543","Lockdown-Travel Surge2",3.2,5,16
"544","Lockdown-Travel Surge3",4.32,5,16
"545","Control",4,5,17
"546","Lockdown-No Surge",3.24,5,17
"547","Lockdown-Travel Surge2",4.18,5,17
"548","Lockdown-Travel Surge3",5.52,5,17
"549","Control",5.42,5,18
"550","Lockdown-No Surge",4.08,5,18
"551","Lockdown-Travel Surge2",5.38,5,18
"552","Lockdown-Travel Surge3",7.1,5,18
"553","Control",6.84,5,19
"554","Lockdown-No Surge",5.32,5,19
"555","Lockdown-Travel Surge2",6.48,5,19
"556","Lockdown-Travel Surge3",8.62,5,19
"557","Control",8.58,5,20
"558","Lockdown-No Surge",6.56,5,20
"559","Lockdown-Travel Surge2",7.96,5,20
"560","Lockdown-Travel Surge3",10.32,5,20
"561","Control",11.08,5,21
"562","Lockdown-No Surge",7.86,5,21
"563","Lockdown-Travel Surge2",9.48,5,21
"564","Lockdown-Travel Surge3",12.1,5,21
"565","Control",12.86,5,22
"566","Lockdown-No Surge",9.4,5,22
"567","Lockdown-Travel Surge2",11.02,5,22
"568","Lockdown-Travel Surge3",13.94,5,22
"569","Control",15.64,5,23
"570","Lockdown-No Surge",10.68,5,23
"571","Lockdown-Travel Surge2",12.72,5,23
"572","Lockdown-Travel Surge3",15.68,5,23
"573","Control",18.52,5,24
"574","Lockdown-No Surge",12.2,5,24
"575","Lockdown-Travel Surge2",14.52,5,24
"576","Lockdown-Travel Surge3",17.7,5,24
"577","Control",21.42,5,25
"578","Lockdown-No Surge",13.72,5,25
"579","Lockdown-Travel Surge2",16.46,5,25
"580","Lockdown-Travel Surge3",19.4,5,25
"581","Control",24.28,5,26
"582","Lockdown-No Surge",15.32,5,26
"583","Lockdown-Travel Surge2",18.08,5,26
"584","Lockdown-Travel Surge3",21.14,5,26
"585","Control",26.86,5,27
"586","Lockdown-No Surge",16.96,5,27
"587","Lockdown-Travel Surge2",19.8,5,27
"588","Lockdown-Travel Surge3",23.4,5,27
"589","Control",29.88,5,28
"590","Lockdown-No Surge",18.66,5,28
"591","Lockdown-Travel Surge2",21.88,5,28
"592","Lockdown-Travel Surge3",25.6,5,28
"593","Control",32.7,5,29
"594","Lockdown-No Surge",20.32,5,29
"595","Lockdown-Travel Surge2",23.64,5,29
"596","Lockdown-Travel Surge3",27.42,5,29
"597","Control",35.7,5,30
"598","Lockdown-No Surge",22.24,5,30
"599","Lockdown-Travel Surge2",25.6,5,30
"600","Lockdown-Travel Surge3",29.62,5,30
"601","Control",38.44,5,31
"602","Lockdown-No Surge",24.4,5,31
"603","Lockdown-Travel Surge2",27.42,5,31
"604","Lockdown-Travel Surge3",31.44,5,31
"605","Control",40.96,5,32
"606","Lockdown-No Surge",26.24,5,32
"607","Lockdown-Travel Surge2",29.14,5,32
"608","Lockdown-Travel Surge3",33.14,5,32
"609","Control",43.36,5,33
"610","Lockdown-No Surge",28.1,5,33
"611","Lockdown-Travel Surge2",30.88,5,33
"612","Lockdown-Travel Surge3",35.12,5,33
"613","Control",45.82,5,34
"614","Lockdown-No Surge",29.84,5,34
"615","Lockdown-Travel Surge2",32.58,5,34
"616","Lockdown-Travel Surge3",36.68,5,34
"617","Control",48.36,5,35
"618","Lockdown-No Surge",31.64,5,35
"619","Lockdown-Travel Surge2",34.24,5,35
"620","Lockdown-Travel Surge3",38.52,5,35
"621","Control",50.74,5,36
"622","Lockdown-No Surge",33.18,5,36
"623","Lockdown-Travel Surge2",35.88,5,36
"624","Lockdown-Travel Surge3",40,5,36
"625","Control",52.6,5,37
"626","Lockdown-No Surge",35.04,5,37
"627","Lockdown-Travel Surge2",37.5,5,37
"628","Lockdown-Travel Surge3",41.54,5,37
"629","Control",54.34,5,38
"630","Lockdown-No Surge",36.24,5,38
"631","Lockdown-Travel Surge2",38.94,5,38
"632","Lockdown-Travel Surge3",42.98,5,38
"633","Control",56.4,5,39
"634","Lockdown-No Surge",37.78,5,39
"635","Lockdown-Travel Surge2",40.34,5,39
"636","Lockdown-Travel Surge3",44.74,5,39
"637","Control",58.24,5,40
"638","Lockdown-No Surge",39.06,5,40
"639","Lockdown-Travel Surge2",41.66,5,40
"640","Lockdown-Travel Surge3",45.86,5,40
"641","Control",59.66,5,41
"642","Lockdown-No Surge",40.6,5,41
"643","Lockdown-Travel Surge2",42.78,5,41
"644","Lockdown-Travel Surge3",46.98,5,41
"645","Control",61.5,5,42
"646","Lockdown-No Surge",41.94,5,42
"647","Lockdown-Travel Surge2",44,5,42
"648","Lockdown-Travel Surge3",48.34,5,42
"649","Control",62.72,5,43
"650","Lockdown-No Surge",43.1,5,43
"651","Lockdown-Travel Surge2",45.12,5,43
"652","Lockdown-Travel Surge3",49.72,5,43
"653","Control",64.18,5,44
"654","Lockdown-No Surge",44.24,5,44
"655","Lockdown-Travel Surge2",46.16,5,44
"656","Lockdown-Travel Surge3",50.88,5,44
"657","Control",65.04,5,45
"658","Lockdown-No Surge",45.32,5,45
"659","Lockdown-Travel Surge2",47.32,5,45
"660","Lockdown-Travel Surge3",52.08,5,45
"661","Control",66.42,5,46
"662","Lockdown-No Surge",46.54,5,46
"663","Lockdown-Travel Surge2",48.28,5,46
"664","Lockdown-Travel Surge3",53.02,5,46
"665","Control",67.56,5,47
"666","Lockdown-No Surge",47.48,5,47
"667","Lockdown-Travel Surge2",49.34,5,47
"668","Lockdown-Travel Surge3",54.08,5,47
"669","Control",68.5,5,48
"670","Lockdown-No Surge",48.7,5,48
"671","Lockdown-Travel Surge2",50.46,5,48
"672","Lockdown-Travel Surge3",55.04,5,48
"673","Control",69.54,5,49
"674","Lockdown-No Surge",49.82,5,49
"675","Lockdown-Travel Surge2",51.6,5,49
"676","Lockdown-Travel Surge3",55.92,5,49
"677","Control",70.74,5,50
"678","Lockdown-No Surge",50.78,5,50
"679","Lockdown-Travel Surge2",52.32,5,50
"680","Lockdown-Travel Surge3",56.76,5,50
"681","Control",71.58,5,51
"682","Lockdown-No Surge",51.62,5,51
"683","Lockdown-Travel Surge2",53.28,5,51
"684","Lockdown-Travel Surge3",57.46,5,51
"685","Control",72.54,5,52
"686","Lockdown-No Surge",52.68,5,52
"687","Lockdown-Travel Surge2",54.26,5,52
"688","Lockdown-Travel Surge3",58.3,5,52
"689","Control",73.48,5,53
"690","Lockdown-No Surge",53.4,5,53
"691","Lockdown-Travel Surge2",55.2,5,53
"692","Lockdown-Travel Surge3",59.08,5,53
"693","Control",74.24,5,54
"694","Lockdown-No Surge",54.34,5,54
"695","Lockdown-Travel Surge2",56.1,5,54
"696","Lockdown-Travel Surge3",59.94,5,54
"697","Control",75.1,5,55
"698","Lockdown-No Surge",55.2,5,55
"699","Lockdown-Travel Surge2",57.06,5,55
"700","Lockdown-Travel Surge3",60.7,5,55
"701","Control",75.94,5,56
"702","Lockdown-No Surge",55.94,5,56
"703","Lockdown-Travel Surge2",57.88,5,56
"704","Lockdown-Travel Surge3",61.72,5,56
"705","Control",76.88,5,57
"706","Lockdown-No Surge",57.14,5,57
"707","Lockdown-Travel Surge2",58.76,5,57
"708","Lockdown-Travel Surge3",62.8,5,57
"709","Control",77.64,5,58
"710","Lockdown-No Surge",58.22,5,58
"711","Lockdown-Travel Surge2",59.56,5,58
"712","Lockdown-Travel Surge3",63.5,5,58
"713","Control",78.46,5,59
"714","Lockdown-No Surge",58.96,5,59
"715","Lockdown-Travel Surge2",60.32,5,59
"716","Lockdown-Travel Surge3",64.62,5,59
"717","Control",79.1,5,60
"718","Lockdown-No Surge",59.9,5,60
"719","Lockdown-Travel Surge2",61.1,5,60
"720","Lockdown-Travel Surge3",65.48,5,60
"721","Lockdown-Travel Surge2",1,10,2
"722","Lockdown-Travel Surge3",1,10,2
"723","Control",1,10,3
"724","Lockdown-No Surge",1,10,3
"725","Lockdown-Travel Surge2",1,10,3
"726","Lockdown-Travel Surge3",1,10,3
"727","Control",1,10,4
"728","Lockdown-No Surge",1,10,4
"729","Lockdown-Travel Surge2",1,10,4
"730","Lockdown-Travel Surge3",1,10,4
"731","Control",1,10,5
"732","Lockdown-No Surge",1,10,5
"733","Lockdown-Travel Surge2",1,10,5
"734","Lockdown-Travel Surge3",1,10,5
"735","Control",1,10,6
"736","Lockdown-No Surge",1,10,6
"737","Lockdown-Travel Surge2",1,10,6
"738","Lockdown-Travel Surge3",1,10,6
"739","Control",1,10,7
"740","Lockdown-No Surge",1,10,7
"741","Lockdown-Travel Surge2",1,10,7
"742","Lockdown-Travel Surge3",1,10,7
"743","Control",1,10,8
"744","Lockdown-No Surge",1,10,8
"745","Lockdown-Travel Surge2",1,10,8
"746","Lockdown-Travel Surge3",1,10,8
"747","Control",1,10,9
"748","Lockdown-No Surge",1,10,9
"749","Lockdown-Travel Surge2",1,10,9
"750","Lockdown-Travel Surge3",1,10,9
"751","Control",1,10,10
"752","Lockdown-No Surge",1,10,10
"753","Lockdown-Travel Surge2",1,10,10
"754","Lockdown-Travel Surge3",1,10,10
"755","Control",1,10,11
"756","Lockdown-No Surge",1,10,11
"757","Lockdown-Travel Surge2",1,10,11
"758","Lockdown-Travel Surge3",1.02,10,11
"759","Control",1,10,12
"760","Lockdown-No Surge",1,10,12
"761","Lockdown-Travel Surge2",1,10,12
"762","Lockdown-Travel Surge3",1.02,10,12
"763","Control",1,10,13
"764","Lockdown-No Surge",1,10,13
"765","Lockdown-Travel Surge2",1,10,13
"766","Lockdown-Travel Surge3",1.04,10,13
"767","Control",1,10,14
"768","Lockdown-No Surge",1,10,14
"769","Lockdown-Travel Surge2",1.02,10,14
"770","Lockdown-Travel Surge3",1.04,10,14
"771","Control",1.02,10,15
"772","Lockdown-No Surge",1.04,10,15
"773","Lockdown-Travel Surge2",1.1,10,15
"774","Lockdown-Travel Surge3",1.12,10,15
"775","Control",1.12,10,16
"776","Lockdown-No Surge",1.06,10,16
"777","Lockdown-Travel Surge2",1.22,10,16
"778","Lockdown-Travel Surge3",1.32,10,16
"779","Control",1.34,10,17
"780","Lockdown-No Surge",1.2,10,17
"781","Lockdown-Travel Surge2",1.4,10,17
"782","Lockdown-Travel Surge3",1.7,10,17
"783","Control",1.86,10,18
"784","Lockdown-No Surge",1.42,10,18
"785","Lockdown-Travel Surge2",1.72,10,18
"786","Lockdown-Travel Surge3",2.18,10,18
"787","Control",2.52,10,19
"788","Lockdown-No Surge",1.66,10,19
"789","Lockdown-Travel Surge2",2.1,10,19
"790","Lockdown-Travel Surge3",2.8,10,19
"791","Control",3.64,10,20
"792","Lockdown-No Surge",2.06,10,20
"793","Lockdown-Travel Surge2",2.68,10,20
"794","Lockdown-Travel Surge3",3.56,10,20
"795","Control",4.52,10,21
"796","Lockdown-No Surge",2.56,10,21
"797","Lockdown-Travel Surge2",3.32,10,21
"798","Lockdown-Travel Surge3",4.64,10,21
"799","Control",5.48,10,22
"800","Lockdown-No Surge",3.16,10,22
"801","Lockdown-Travel Surge2",4.3,10,22
"802","Lockdown-Travel Surge3",5.64,10,22
"803","Control",6.48,10,23
"804","Lockdown-No Surge",4.02,10,23
"805","Lockdown-Travel Surge2",5.14,10,23
"806","Lockdown-Travel Surge3",6.52,10,23
"807","Control",7.82,10,24
"808","Lockdown-No Surge",4.98,10,24
"809","Lockdown-Travel Surge2",6.04,10,24
"810","Lockdown-Travel Surge3",7.7,10,24
"811","Control",9.08,10,25
"812","Lockdown-No Surge",5.68,10,25
"813","Lockdown-Travel Surge2",7.22,10,25
"814","Lockdown-Travel Surge3",8.78,10,25
"815","Control",10.44,10,26
"816","Lockdown-No Surge",6.66,10,26
"817","Lockdown-Travel Surge2",8.12,10,26
"818","Lockdown-Travel Surge3",10.06,10,26
"819","Control",11.94,10,27
"820","Lockdown-No Surge",7.76,10,27
"821","Lockdown-Travel Surge2",9.18,10,27
"822","Lockdown-Travel Surge3",11.44,10,27
"823","Control",13.92,10,28
"824","Lockdown-No Surge",8.92,10,28
"825","Lockdown-Travel Surge2",10.5,10,28
"826","Lockdown-Travel Surge3",12.68,10,28
"827","Control",16.22,10,29
"828","Lockdown-No Surge",10.08,10,29
"829","Lockdown-Travel Surge2",11.88,10,29
"830","Lockdown-Travel Surge3",13.86,10,29
"831","Control",17.82,10,30
"832","Lockdown-No Surge",11.4,10,30
"833","Lockdown-Travel Surge2",13.3,10,30
"834","Lockdown-Travel Surge3",15.54,10,30
"835","Control",20.12,10,31
"836","Lockdown-No Surge",12.5,10,31
"837","Lockdown-Travel Surge2",14.74,10,31
"838","Lockdown-Travel Surge3",17.52,10,31
"839","Control",22.68,10,32
"840","Lockdown-No Surge",13.82,10,32
"841","Lockdown-Travel Surge2",16,10,32
"842","Lockdown-Travel Surge3",19.16,10,32
"843","Control",24.68,10,33
"844","Lockdown-No Surge",15.02,10,33
"845","Lockdown-Travel Surge2",17.46,10,33
"846","Lockdown-Travel Surge3",20.78,10,33
"847","Control",27.28,10,34
"848","Lockdown-No Surge",16.44,10,34
"849","Lockdown-Travel Surge2",18.74,10,34
"850","Lockdown-Travel Surge3",22.62,10,34
"851","Control",30,10,35
"852","Lockdown-No Surge",17.86,10,35
"853","Lockdown-Travel Surge2",20.54,10,35
"854","Lockdown-Travel Surge3",24.2,10,35
"855","Control",32.34,10,36
"856","Lockdown-No Surge",19.64,10,36
"857","Lockdown-Travel Surge2",22.08,10,36
"858","Lockdown-Travel Surge3",25.76,10,36
"859","Control",34.34,10,37
"860","Lockdown-No Surge",21.38,10,37
"861","Lockdown-Travel Surge2",24.04,10,37
"862","Lockdown-Travel Surge3",27.5,10,37
"863","Control",36.6,10,38
"864","Lockdown-No Surge",23.06,10,38
"865","Lockdown-Travel Surge2",25.56,10,38
"866","Lockdown-Travel Surge3",29.08,10,38
"867","Control",38.58,10,39
"868","Lockdown-No Surge",24.7,10,39
"869","Lockdown-Travel Surge2",27.08,10,39
"870","Lockdown-Travel Surge3",30.46,10,39
"871","Control",40.88,10,40
"872","Lockdown-No Surge",26.34,10,40
"873","Lockdown-Travel Surge2",28.46,10,40
"874","Lockdown-Travel Surge3",32.08,10,40
"875","Control",42.98,10,41
"876","Lockdown-No Surge",28.08,10,41
"877","Lockdown-Travel Surge2",29.98,10,41
"878","Lockdown-Travel Surge3",33.58,10,41
"879","Control",45.1,10,42
"880","Lockdown-No Surge",29.54,10,42
"881","Lockdown-Travel Surge2",31.52,10,42
"882","Lockdown-Travel Surge3",35.16,10,42
"883","Control",47.1,10,43
"884","Lockdown-No Surge",30.94,10,43
"885","Lockdown-Travel Surge2",32.98,10,43
"886","Lockdown-Travel Surge3",36.58,10,43
"887","Control",49.06,10,44
"888","Lockdown-No Surge",32.28,10,44
"889","Lockdown-Travel Surge2",34.32,10,44
"890","Lockdown-Travel Surge3",37.96,10,44
"891","Control",51.16,10,45
"892","Lockdown-No Surge",33.46,10,45
"893","Lockdown-Travel Surge2",35.78,10,45
"894","Lockdown-Travel Surge3",39.36,10,45
"895","Control",52.66,10,46
"896","Lockdown-No Surge",35,10,46
"897","Lockdown-Travel Surge2",37.14,10,46
"898","Lockdown-Travel Surge3",41.08,10,46
"899","Control",54.32,10,47
"900","Lockdown-No Surge",36.04,10,47
"901","Lockdown-Travel Surge2",38.18,10,47
"902","Lockdown-Travel Surge3",42.28,10,47
"903","Control",55.72,10,48
"904","Lockdown-No Surge",37.1,10,48
"905","Lockdown-Travel Surge2",39.44,10,48
"906","Lockdown-Travel Surge3",43.6,10,48
"907","Control",57.22,10,49
"908","Lockdown-No Surge",38.76,10,49
"909","Lockdown-Travel Surge2",40.7,10,49
"910","Lockdown-Travel Surge3",45.08,10,49
"911","Control",58.46,10,50
"912","Lockdown-No Surge",39.68,10,50
"913","Lockdown-Travel Surge2",41.7,10,50
"914","Lockdown-Travel Surge3",46.46,10,50
"915","Control",59.98,10,51
"916","Lockdown-No Surge",40.88,10,51
"917","Lockdown-Travel Surge2",42.78,10,51
"918","Lockdown-Travel Surge3",47.68,10,51
"919","Control",61.14,10,52
"920","Lockdown-No Surge",42.1,10,52
"921","Lockdown-Travel Surge2",43.74,10,52
"922","Lockdown-Travel Surge3",48.72,10,52
"923","Control",62.4,10,53
"924","Lockdown-No Surge",43.08,10,53
"925","Lockdown-Travel Surge2",44.76,10,53
"926","Lockdown-Travel Surge3",49.64,10,53
"927","Control",63.44,10,54
"928","Lockdown-No Surge",44.04,10,54
"929","Lockdown-Travel Surge2",45.68,10,54
"930","Lockdown-Travel Surge3",50.74,10,54
"931","Control",64.64,10,55
"932","Lockdown-No Surge",45.32,10,55
"933","Lockdown-Travel Surge2",46.52,10,55
"934","Lockdown-Travel Surge3",51.52,10,55
"935","Control",65.64,10,56
"936","Lockdown-No Surge",46.42,10,56
"937","Lockdown-Travel Surge2",47.38,10,56
"938","Lockdown-Travel Surge3",52.5,10,56
"939","Control",67,10,57
"940","Lockdown-No Surge",47.34,10,57
"941","Lockdown-Travel Surge2",48.46,10,57
"942","Lockdown-Travel Surge3",53.54,10,57
"943","Control",68.32,10,58
"944","Lockdown-No Surge",48.38,10,58
"945","Lockdown-Travel Surge2",49.42,10,58
"946","Lockdown-Travel Surge3",54.4,10,58
"947","Control",69.44,10,59
"948","Lockdown-No Surge",49.22,10,59
"949","Lockdown-Travel Surge2",50.34,10,59
"950","Lockdown-Travel Surge3",55.38,10,59
"951","Control",70.28,10,60
"952","Lockdown-No Surge",49.98,10,60
"953","Lockdown-Travel Surge2",51.64,10,60
"954","Lockdown-Travel Surge3",56.38,10,60
"955","Lockdown-Travel Surge3",1,25,4
"956","Control",1,25,5
"957","Lockdown-No Surge",1,25,5
"958","Lockdown-Travel Surge2",1,25,5
"959","Lockdown-Travel Surge3",1,25,5
"960","Control",1,25,6
"961","Lockdown-No Surge",1,25,6
"962","Lockdown-Travel Surge2",1,25,6
"963","Lockdown-Travel Surge3",1,25,6
"964","Control",1,25,7
"965","Lockdown-No Surge",1,25,7
"966","Lockdown-Travel Surge2",1,25,7
"967","Lockdown-Travel Surge3",1,25,7
"968","Control",1,25,8
"969","Lockdown-No Surge",1,25,8
"970","Lockdown-Travel Surge2",1,25,8
"971","Lockdown-Travel Surge3",1,25,8
"972","Control",1,25,9
"973","Lockdown-No Surge",1,25,9
"974","Lockdown-Travel Surge2",1,25,9
"975","Lockdown-Travel Surge3",1,25,9
"976","Control",1,25,10
"977","Lockdown-No Surge",1,25,10
"978","Lockdown-Travel Surge2",1,25,10
"979","Lockdown-Travel Surge3",1,25,10
"980","Control",1,25,11
"981","Lockdown-No Surge",1,25,11
"982","Lockdown-Travel Surge2",1,25,11
"983","Lockdown-Travel Surge3",1,25,11
"984","Control",1,25,12
"985","Lockdown-No Surge",1,25,12
"986","Lockdown-Travel Surge2",1,25,12
"987","Lockdown-Travel Surge3",1,25,12
"988","Control",1,25,13
"989","Lockdown-No Surge",1,25,13
"990","Lockdown-Travel Surge2",1,25,13
"991","Lockdown-Travel Surge3",1,25,13
"992","Control",1,25,14
"993","Lockdown-No Surge",1,25,14
"994","Lockdown-Travel Surge2",1,25,14
"995","Lockdown-Travel Surge3",1,25,14
"996","Control",1,25,15
"997","Lockdown-No Surge",1,25,15
"998","Lockdown-Travel Surge2",1,25,15
"999","Lockdown-Travel Surge3",1,25,15
"1000","Control",1,25,16
"1001","Lockdown-No Surge",1,25,16
"1002","Lockdown-Travel Surge2",1,25,16
"1003","Lockdown-Travel Surge3",1,25,16
"1004","Control",1,25,17
"1005","Lockdown-No Surge",1,25,17
"1006","Lockdown-Travel Surge2",1,25,17
"1007","Lockdown-Travel Surge3",1,25,17
"1008","Control",1,25,18
"1009","Lockdown-No Surge",1,25,18
"1010","Lockdown-Travel Surge2",1,25,18
"1011","Lockdown-Travel Surge3",1.02,25,18
"1012","Control",1.02,25,19
"1013","Lockdown-No Surge",1,25,19
"1014","Lockdown-Travel Surge2",1,25,19
"1015","Lockdown-Travel Surge3",1.04,25,19
"1016","Control",1.02,25,20
"1017","Lockdown-No Surge",1,25,20
"1018","Lockdown-Travel Surge2",1.02,25,20
"1019","Lockdown-Travel Surge3",1.06,25,20
"1020","Control",1.04,25,21
"1021","Lockdown-No Surge",1.04,25,21
"1022","Lockdown-Travel Surge2",1.04,25,21
"1023","Lockdown-Travel Surge3",1.16,25,21
"1024","Control",1.22,25,22
"1025","Lockdown-No Surge",1.04,25,22
"1026","Lockdown-Travel Surge2",1.06,25,22
"1027","Lockdown-Travel Surge3",1.2,25,22
"1028","Control",1.68,25,23
"1029","Lockdown-No Surge",1.06,25,23
"1030","Lockdown-Travel Surge2",1.22,25,23
"1031","Lockdown-Travel Surge3",1.34,25,23
"1032","Control",2.24,25,24
"1033","Lockdown-No Surge",1.14,25,24
"1034","Lockdown-Travel Surge2",1.38,25,24
"1035","Lockdown-Travel Surge3",1.68,25,24
"1036","Control",2.8,25,25
"1037","Lockdown-No Surge",1.34,25,25
"1038","Lockdown-Travel Surge2",1.58,25,25
"1039","Lockdown-Travel Surge3",2.04,25,25
"1040","Control",3.46,25,26
"1041","Lockdown-No Surge",1.6,25,26
"1042","Lockdown-Travel Surge2",1.94,25,26
"1043","Lockdown-Travel Surge3",2.54,25,26
"1044","Control",4.08,25,27
"1045","Lockdown-No Surge",1.96,25,27
"1046","Lockdown-Travel Surge2",2.24,25,27
"1047","Lockdown-Travel Surge3",2.98,25,27
"1048","Control",4.6,25,28
"1049","Lockdown-No Surge",2.16,25,28
"1050","Lockdown-Travel Surge2",2.82,25,28
"1051","Lockdown-Travel Surge3",3.58,25,28
"1052","Control",5.1,25,29
"1053","Lockdown-No Surge",2.6,25,29
"1054","Lockdown-Travel Surge2",3.24,25,29
"1055","Lockdown-Travel Surge3",4.18,25,29
"1056","Control",5.76,25,30
"1057","Lockdown-No Surge",3.2,25,30
"1058","Lockdown-Travel Surge2",3.82,25,30
"1059","Lockdown-Travel Surge3",4.76,25,30
"1060","Control",6.24,25,31
"1061","Lockdown-No Surge",3.66,25,31
"1062","Lockdown-Travel Surge2",4.34,25,31
"1063","Lockdown-Travel Surge3",5.36,25,31
"1064","Control",6.96,25,32
"1065","Lockdown-No Surge",4.26,25,32
"1066","Lockdown-Travel Surge2",4.94,25,32
"1067","Lockdown-Travel Surge3",6.04,25,32
"1068","Control",7.86,25,33
"1069","Lockdown-No Surge",4.86,25,33
"1070","Lockdown-Travel Surge2",5.78,25,33
"1071","Lockdown-Travel Surge3",6.7,25,33
"1072","Control",8.92,25,34
"1073","Lockdown-No Surge",5.58,25,34
"1074","Lockdown-Travel Surge2",6.3,25,34
"1075","Lockdown-Travel Surge3",7.66,25,34
"1076","Control",10.3,25,35
"1077","Lockdown-No Surge",6.24,25,35
"1078","Lockdown-Travel Surge2",7.02,25,35
"1079","Lockdown-Travel Surge3",8.7,25,35
"1080","Control",11.56,25,36
"1081","Lockdown-No Surge",6.8,25,36
"1082","Lockdown-Travel Surge2",7.78,25,36
"1083","Lockdown-Travel Surge3",9.56,25,36
"1084","Control",12.94,25,37
"1085","Lockdown-No Surge",7.72,25,37
"1086","Lockdown-Travel Surge2",8.52,25,37
"1087","Lockdown-Travel Surge3",10.52,25,37
"1088","Control",14.28,25,38
"1089","Lockdown-No Surge",8.52,25,38
"1090","Lockdown-Travel Surge2",9.46,25,38
"1091","Lockdown-Travel Surge3",11.72,25,38
"1092","Control",15.78,25,39
"1093","Lockdown-No Surge",9.58,25,39
"1094","Lockdown-Travel Surge2",10.58,25,39
"1095","Lockdown-Travel Surge3",12.84,25,39
"1096","Control",17.36,25,40
"1097","Lockdown-No Surge",10.42,25,40
"1098","Lockdown-Travel Surge2",11.56,25,40
"1099","Lockdown-Travel Surge3",14.36,25,40
"1100","Control",18.84,25,41
"1101","Lockdown-No Surge",11.16,25,41
"1102","Lockdown-Travel Surge2",12.76,25,41
"1103","Lockdown-Travel Surge3",15.66,25,41
"1104","Control",20.58,25,42
"1105","Lockdown-No Surge",12.04,25,42
"1106","Lockdown-Travel Surge2",13.94,25,42
"1107","Lockdown-Travel Surge3",17.1,25,42
"1108","Control",22.8,25,43
"1109","Lockdown-No Surge",13,25,43
"1110","Lockdown-Travel Surge2",15.1,25,43
"1111","Lockdown-Travel Surge3",18.34,25,43
"1112","Control",24.76,25,44
"1113","Lockdown-No Surge",13.94,25,44
"1114","Lockdown-Travel Surge2",16.38,25,44
"1115","Lockdown-Travel Surge3",19.94,25,44
"1116","Control",26.44,25,45
"1117","Lockdown-No Surge",15.5,25,45
"1118","Lockdown-Travel Surge2",18.08,25,45
"1119","Lockdown-Travel Surge3",21.14,25,45
"1120","Control",28.5,25,46
"1121","Lockdown-No Surge",17.24,25,46
"1122","Lockdown-Travel Surge2",19.24,25,46
"1123","Lockdown-Travel Surge3",22.44,25,46
"1124","Control",30.24,25,47
"1125","Lockdown-No Surge",18.36,25,47
"1126","Lockdown-Travel Surge2",20.66,25,47
"1127","Lockdown-Travel Surge3",23.46,25,47
"1128","Control",32.22,25,48
"1129","Lockdown-No Surge",19.84,25,48
"1130","Lockdown-Travel Surge2",22,25,48
"1131","Lockdown-Travel Surge3",24.76,25,48
"1132","Control",34.02,25,49
"1133","Lockdown-No Surge",21.38,25,49
"1134","Lockdown-Travel Surge2",23.32,25,49
"1135","Lockdown-Travel Surge3",26.1,25,49
"1136","Control",35.96,25,50
"1137","Lockdown-No Surge",22.64,25,50
"1138","Lockdown-Travel Surge2",24.66,25,50
"1139","Lockdown-Travel Surge3",27.56,25,50
"1140","Control",37.66,25,51
"1141","Lockdown-No Surge",23.82,25,51
"1142","Lockdown-Travel Surge2",25.8,25,51
"1143","Lockdown-Travel Surge3",28.7,25,51
"1144","Control",39.34,25,52
"1145","Lockdown-No Surge",25.1,25,52
"1146","Lockdown-Travel Surge2",27.04,25,52
"1147","Lockdown-Travel Surge3",29.92,25,52
"1148","Control",40.94,25,53
"1149","Lockdown-No Surge",26.38,25,53
"1150","Lockdown-Travel Surge2",28.44,25,53
"1151","Lockdown-Travel Surge3",31.4,25,53
"1152","Control",42.68,25,54
"1153","Lockdown-No Surge",27.58,25,54
"1154","Lockdown-Travel Surge2",29.84,25,54
"1155","Lockdown-Travel Surge3",32.88,25,54
"1156","Control",44.24,25,55
"1157","Lockdown-No Surge",28.96,25,55
"1158","Lockdown-Travel Surge2",31.14,25,55
"1159","Lockdown-Travel Surge3",34.16,25,55
"1160","Control",45.86,25,56
"1161","Lockdown-No Surge",30.24,25,56
"1162","Lockdown-Travel Surge2",32.32,25,56
"1163","Lockdown-Travel Surge3",35.48,25,56
"1164","Control",47.68,25,57
"1165","Lockdown-No Surge",31.44,25,57
"1166","Lockdown-Travel Surge2",33.76,25,57
"1167","Lockdown-Travel Surge3",36.66,25,57
"1168","Control",49.16,25,58
"1169","Lockdown-No Surge",32.66,25,58
"1170","Lockdown-Travel Surge2",34.8,25,58
"1171","Lockdown-Travel Surge3",37.94,25,58
"1172","Control",50.7,25,59
"1173","Lockdown-No Surge",33.86,25,59
"1174","Lockdown-Travel Surge2",35.98,25,59
"1175","Lockdown-Travel Surge3",39.02,25,59
"1176","Control",52.06,25,60
"1177","Lockdown-No Surge",35.12,25,60
"1178","Lockdown-Travel Surge2",37.16,25,60
"1179","Lockdown-Travel Surge3",40.32,25,60
"1180","Control",1,50,6
"1181","Lockdown-No Surge",1,50,6
"1182","Lockdown-Travel Surge2",1,50,6
"1183","Lockdown-Travel Surge3",1,50,6
"1184","Control",1,50,7
"1185","Lockdown-No Surge",1,50,7
"1186","Lockdown-Travel Surge2",1,50,7
"1187","Lockdown-Travel Surge3",1,50,7
"1188","Control",1,50,8
"1189","Lockdown-No Surge",1,50,8
"1190","Lockdown-Travel Surge2",1,50,8
"1191","Lockdown-Travel Surge3",1,50,8
"1192","Control",1,50,9
"1193","Lockdown-No Surge",1,50,9
"1194","Lockdown-Travel Surge2",1,50,9
"1195","Lockdown-Travel Surge3",1,50,9
"1196","Control",1,50,10
"1197","Lockdown-No Surge",1,50,10
"1198","Lockdown-Travel Surge2",1,50,10
"1199","Lockdown-Travel Surge3",1,50,10
"1200","Control",1,50,11
"1201","Lockdown-No Surge",1,50,11
"1202","Lockdown-Travel Surge2",1,50,11
"1203","Lockdown-Travel Surge3",1,50,11
"1204","Control",1,50,12
"1205","Lockdown-No Surge",1,50,12
"1206","Lockdown-Travel Surge2",1,50,12
"1207","Lockdown-Travel Surge3",1,50,12
"1208","Control",1,50,13
"1209","Lockdown-No Surge",1,50,13
"1210","Lockdown-Travel Surge2",1,50,13
"1211","Lockdown-Travel Surge3",1,50,13
"1212","Control",1,50,14
"1213","Lockdown-No Surge",1,50,14
"1214","Lockdown-Travel Surge2",1,50,14
"1215","Lockdown-Travel Surge3",1,50,14
"1216","Control",1,50,15
"1217","Lockdown-No Surge",1,50,15
"1218","Lockdown-Travel Surge2",1,50,15
"1219","Lockdown-Travel Surge3",1,50,15
"1220","Control",1,50,16
"1221","Lockdown-No Surge",1,50,16
"1222","Lockdown-Travel Surge2",1,50,16
"1223","Lockdown-Travel Surge3",1,50,16
"1224","Control",1,50,17
"1225","Lockdown-No Surge",1,50,17
"1226","Lockdown-Travel Surge2",1,50,17
"1227","Lockdown-Travel Surge3",1,50,17
"1228","Control",1,50,18
"1229","Lockdown-No Surge",1,50,18
"1230","Lockdown-Travel Surge2",1,50,18
"1231","Lockdown-Travel Surge3",1,50,18
"1232","Control",1,50,19
"1233","Lockdown-No Surge",1,50,19
"1234","Lockdown-Travel Surge2",1,50,19
"1235","Lockdown-Travel Surge3",1,50,19
"1236","Control",1,50,20
"1237","Lockdown-No Surge",1,50,20
"1238","Lockdown-Travel Surge2",1,50,20
"1239","Lockdown-Travel Surge3",1,50,20
"1240","Control",1,50,21
"1241","Lockdown-No Surge",1,50,21
"1242","Lockdown-Travel Surge2",1,50,21
"1243","Lockdown-Travel Surge3",1,50,21
"1244","Control",1,50,22
"1245","Lockdown-No Surge",1,50,22
"1246","Lockdown-Travel Surge2",1,50,22
"1247","Lockdown-Travel Surge3",1,50,22
"1248","Control",1,50,23
"1249","Lockdown-No Surge",1,50,23
"1250","Lockdown-Travel Surge2",1,50,23
"1251","Lockdown-Travel Surge3",1,50,23
"1252","Control",1.02,50,24
"1253","Lockdown-No Surge",1,50,24
"1254","Lockdown-Travel Surge2",1,50,24
"1255","Lockdown-Travel Surge3",1.02,50,24
"1256","Control",1.02,50,25
"1257","Lockdown-No Surge",1,50,25
"1258","Lockdown-Travel Surge2",1,50,25
"1259","Lockdown-Travel Surge3",1.02,50,25
"1260","Control",1.04,50,26
"1261","Lockdown-No Surge",1.02,50,26
"1262","Lockdown-Travel Surge2",1,50,26
"1263","Lockdown-Travel Surge3",1.04,50,26
"1264","Control",1.12,50,27
"1265","Lockdown-No Surge",1.02,50,27
"1266","Lockdown-Travel Surge2",1,50,27
"1267","Lockdown-Travel Surge3",1.06,50,27
"1268","Control",1.38,50,28
"1269","Lockdown-No Surge",1.04,50,28
"1270","Lockdown-Travel Surge2",1.06,50,28
"1271","Lockdown-Travel Surge3",1.1,50,28
"1272","Control",1.88,50,29
"1273","Lockdown-No Surge",1.04,50,29
"1274","Lockdown-Travel Surge2",1.1,50,29
"1275","Lockdown-Travel Surge3",1.28,50,29
"1276","Control",2.2,50,30
"1277","Lockdown-No Surge",1.1,50,30
"1278","Lockdown-Travel Surge2",1.24,50,30
"1279","Lockdown-Travel Surge3",1.54,50,30
"1280","Control",2.74,50,31
"1281","Lockdown-No Surge",1.24,50,31
"1282","Lockdown-Travel Surge2",1.36,50,31
"1283","Lockdown-Travel Surge3",1.7,50,31
"1284","Control",3.38,50,32
"1285","Lockdown-No Surge",1.42,50,32
"1286","Lockdown-Travel Surge2",1.52,50,32
"1287","Lockdown-Travel Surge3",1.88,50,32
"1288","Control",3.8,50,33
"1289","Lockdown-No Surge",1.54,50,33
"1290","Lockdown-Travel Surge2",1.8,50,33
"1291","Lockdown-Travel Surge3",2.22,50,33
"1292","Control",4.12,50,34
"1293","Lockdown-No Surge",1.68,50,34
"1294","Lockdown-Travel Surge2",2.12,50,34
"1295","Lockdown-Travel Surge3",2.72,50,34
"1296","Control",4.54,50,35
"1297","Lockdown-No Surge",1.92,50,35
"1298","Lockdown-Travel Surge2",2.54,50,35
"1299","Lockdown-Travel Surge3",3.16,50,35
"1300","Control",5.12,50,36
"1301","Lockdown-No Surge",2.26,50,36
"1302","Lockdown-Travel Surge2",2.92,50,36
"1303","Lockdown-Travel Surge3",3.46,50,36
"1304","Control",5.48,50,37
"1305","Lockdown-No Surge",2.74,50,37
"1306","Lockdown-Travel Surge2",3.3,50,37
"1307","Lockdown-Travel Surge3",4.02,50,37
"1308","Control",5.94,50,38
"1309","Lockdown-No Surge",3.18,50,38
"1310","Lockdown-Travel Surge2",3.82,50,38
"1311","Lockdown-Travel Surge3",4.58,50,38
"1312","Control",6.46,50,39
"1313","Lockdown-No Surge",3.7,50,39
"1314","Lockdown-Travel Surge2",4.3,50,39
"1315","Lockdown-Travel Surge3",5.02,50,39
"1316","Control",6.9,50,40
"1317","Lockdown-No Surge",4.26,50,40
"1318","Lockdown-Travel Surge2",4.72,50,40
"1319","Lockdown-Travel Surge3",5.74,50,40
"1320","Control",7.48,50,41
"1321","Lockdown-No Surge",4.78,50,41
"1322","Lockdown-Travel Surge2",5.3,50,41
"1323","Lockdown-Travel Surge3",6.26,50,41
"1324","Control",8.32,50,42
"1325","Lockdown-No Surge",5.22,50,42
"1326","Lockdown-Travel Surge2",5.88,50,42
"1327","Lockdown-Travel Surge3",6.78,50,42
"1328","Control",9.12,50,43
"1329","Lockdown-No Surge",5.84,50,43
"1330","Lockdown-Travel Surge2",6.46,50,43
"1331","Lockdown-Travel Surge3",7.62,50,43
"1332","Control",10.32,50,44
"1333","Lockdown-No Surge",6.38,50,44
"1334","Lockdown-Travel Surge2",7.28,50,44
"1335","Lockdown-Travel Surge3",8.34,50,44
"1336","Control",11.2,50,45
"1337","Lockdown-No Surge",7.06,50,45
"1338","Lockdown-Travel Surge2",7.86,50,45
"1339","Lockdown-Travel Surge3",9.38,50,45
"1340","Control",12.28,50,46
"1341","Lockdown-No Surge",7.72,50,46
"1342","Lockdown-Travel Surge2",8.72,50,46
"1343","Lockdown-Travel Surge3",10.38,50,46
"1344","Control",13.66,50,47
"1345","Lockdown-No Surge",8.44,50,47
"1346","Lockdown-Travel Surge2",9.74,50,47
"1347","Lockdown-Travel Surge3",11.32,50,47
"1348","Control",15.28,50,48
"1349","Lockdown-No Surge",9.12,50,48
"1350","Lockdown-Travel Surge2",10.44,50,48
"1351","Lockdown-Travel Surge3",12.28,50,48
"1352","Control",16.6,50,49
"1353","Lockdown-No Surge",9.9,50,49
"1354","Lockdown-Travel Surge2",11.32,50,49
"1355","Lockdown-Travel Surge3",13.36,50,49
"1356","Control",18.4,50,50
"1357","Lockdown-No Surge",10.66,50,50
"1358","Lockdown-Travel Surge2",12.16,50,50
"1359","Lockdown-Travel Surge3",14.58,50,50
"1360","Control",19.82,50,51
"1361","Lockdown-No Surge",11.68,50,51
"1362","Lockdown-Travel Surge2",13,50,51
"1363","Lockdown-Travel Surge3",16,50,51
"1364","Control",21.68,50,52
"1365","Lockdown-No Surge",12.54,50,52
"1366","Lockdown-Travel Surge2",14.14,50,52
"1367","Lockdown-Travel Surge3",17.24,50,52
"1368","Control",23.34,50,53
"1369","Lockdown-No Surge",13.68,50,53
"1370","Lockdown-Travel Surge2",15.22,50,53
"1371","Lockdown-Travel Surge3",18.1,50,53
"1372","Control",24.76,50,54
"1373","Lockdown-No Surge",14.8,50,54
"1374","Lockdown-Travel Surge2",16.52,50,54
"1375","Lockdown-Travel Surge3",19.54,50,54
"1376","Control",26.42,50,55
"1377","Lockdown-No Surge",16.06,50,55
"1378","Lockdown-Travel Surge2",17.86,50,55
"1379","Lockdown-Travel Surge3",20.88,50,55
"1380","Control",27.9,50,56
"1381","Lockdown-No Surge",17.06,50,56
"1382","Lockdown-Travel Surge2",19.06,50,56
"1383","Lockdown-Travel Surge3",21.8,50,56
"1384","Control",29.54,50,57
"1385","Lockdown-No Surge",18.2,50,57
"1386","Lockdown-Travel Surge2",19.96,50,57
"1387","Lockdown-Travel Surge3",23.08,50,57
"1388","Control",31.36,50,58
"1389","Lockdown-No Surge",19.4,50,58
"1390","Lockdown-Travel Surge2",21.16,50,58
"1391","Lockdown-Travel Surge3",23.96,50,58
"1392","Control",32.96,50,59
"1393","Lockdown-No Surge",20.9,50,59
"1394","Lockdown-Travel Surge2",22.18,50,59
"1395","Lockdown-Travel Surge3",25.28,50,59
"1396","Control",34.5,50,60
"1397","Lockdown-No Surge",22.06,50,60
"1398","Lockdown-Travel Surge2",23.38,50,60
"1399","Lockdown-Travel Surge3",26.38,50,60
